session_id,participant
SESSION_1775039160_b3dbe6da,LAB_2
SESSION_1775039161_4a05ad3f,LAB_7
SESSION_1775039161_8c2ae97b,LAB_11
SESSION_1775039161_ad7bbb7f,LAB_10
SESSION_1775039162_44396b8d,LAB_16
SESSION_1775039162_fc93ece3,LAB_5
SESSION_1775039163_bfe9a780,LAB_12
SESSION_1775039165_074714c3,LAB_14
SESSION_1775039170_323f46ed,LAB_15
SESSION_1775039172_05a9077d,LAB_6
SESSION_1775039172_5b8d41f4,LAB_4
SESSION_1775039177_7f59d67f,LAB_3
SESSION_1775039178_58e4ea91,LAB_13
SESSION_1775039190_a4034bcb,LAB_9
SESSION_1775039205_e3c27a10,LAB_8
SESSION_1775039244_982de297,LAB_1
SESSION_1775040514_0eda5e69,LAB_30
SESSION_1775040520_784d1741,LAB_34
SESSION_1775040522_2a9b774f,LAB_25
SESSION_1775040524_09f4e427,LAB_33
SESSION_1775040527_818e460a,LAB_35
SESSION_1775040536_6058cb3c,LAB_23
SESSION_1775040544_ad415932,LAB_24
SESSION_1775040544_ae668eac,LAB_26
SESSION_1775040546_d19b10aa,LAB_32
SESSION_1775040550_b1e86fd1,LAB_22
SESSION_1775040570_fec968fa,LAB_36
SESSION_1775040581_ca0d5f91,LAB_31
SESSION_1775040617_197ed46a,LAB_27
SESSION_1775040630_43ba2adb,LAB_21
SESSION_1775040664_583b6761,LAB_29
SESSION_1775040700_25daafd7,LAB_28
SESSION_1775041693_f7c033f1,LAB_47
SESSION_1775041703_d2e3f4e5,LAB_46
SESSION_1775041704_bf8fd618,LAB_50
SESSION_1775041705_8a31be48,LAB_51
SESSION_1775041706_c6fdb77f,LAB_42
SESSION_1775041708_a01b8267,LAB_43
SESSION_1775041712_c81500e9,LAB_56
SESSION_1775041712_d099095a,LAB_45
SESSION_1775041715_04ff8b36,LAB_54
SESSION_1775041715_20d3fc1a,LAB_55
SESSION_1775041720_02f6acfe,LAB_44
SESSION_1775041720_86bcabd2,LAB_53
SESSION_1775041727_54ef0a79,LAB_52
SESSION_1775041766_ebfb5b55,LAB_41
SESSION_1775041912_402a80db,LAB_48
SESSION_1775041995_6784a757,LAB_49
SESSION_1775042119_aaa4cce3,LAB_20
